CATGTAACTTAATACCACAACCAGGCATAGGGGAAAGATTGGAGGAAAGATGAGTGAGAGCATCAACTTCTCTCACAACCTAGGCCAGTAAGTAGTGCTT,86
ATCAGGTCTCCAGAGCTGCAGAAGACGACGGCCGACTTGGATCACACTCTTGTGAGTGTCCCCAGTGTTGCAGAGGTGAGAGGAGAGTAGACAGTGAGTG,74
,65
GGAAAGATGAGTGAGAGCATCAACTTCTCTCACAACCTAGGCCAGTAAGTAGTGCTTGTGCTCATCTCCTTGGCTGTGATACGTGGCCGGCCCTCGCTCC,43
CAGCATCAGGTCTCCAGAGCTGCAGAAGACGACGGCCGACTTGGATCACACTCTTGTGAGTGTCCCCAGTGTTGCAGAGGTGAGAGGAGAGTAGACAGTG,54
ACCAGTCCATAGGCAAGCCTGGCTGCCTCCAGCTGGGTCGACAGACAGGGGCTGGAGAAGGGGAGAAGAGGAAAGTGAGGTTGCCTGCCCTGTCTCCTAC,11
CCACCTTTGGTTCTGCCATTGCTGCTGTGTGGAAGTTCACTCCTGCCTTTTCCTTTCCCTAGAGCCTCCACCACCCCGAGATCACATTTCTCACTGCCTT,33
GAGACCTTCTGCAGGTACTGCAGGGCATCCGCCATCTGCTGGACGGCCTCCTCTCGCCGCAGGTCTGGCTGGATGAAGGGCACGGCATAGGTCTGACCTG,17
CGGCTCTGCTCTACCTGCTGGGAGATCCTGCCATGGAGAAGATCACAGAGGCTGGGCTGCTCCCCACCCTCTGCACACCTCCTGCTTCTAACAGCAGAGC,67
CCTGGGCGCCCGTGAAGATGGAGCCATATTCCTGCAGGCGCCCTGGAGCAGGGTACTTGGCACTGGAGAACACCTGTGGACACAGGGACAAGTCTGAGGG,23
TCTCCTGAGAGGGCCAGGATGGCCAAGGGATGGTGAATATTTGGTGCTGGGCCTAATCAGCTGCCATCCCATCCCAGTCAGCCTCCTCTGGGGGACAGAA,12
GGGTCCAGGAAGACATACTTCTTCTACCTACAGAGGCGACATGGGGGTCAGGCAAGCTGACACCCGCTGTCCTGAGCCCATGTTCCTCTCCCACATCATC,26
CAGGGGCAGAGGGGGCAATGCCGGGGCCCAGGTCGGCAATGTACATGAGGTCGTTGGCAATGCCGGGCAGGTCAGGCAGGTAGGATGGAACATCAATCTC,81
CAGGAGCTGGGGGTGGTGGTGGGGGCGGTGGGGGTGGTGTTAGTACCCCATCTTGTAGGTCTGAAACACAAAGTGTGGGGTGTCTAGGGAAGAAGGTGTG,97
TGGGAGCTCCCTGGACTGGAGCCGGGAGGTGGGGAACAGGGCAAGGAGGAAAGGCTGCTCAGGCAGGGCTGGGGAAGCTTACTGTGTCCAAGAGCCTGCT,20
CCCACCCCCATGACACTCCCCAGCCCTCCAAGGCCACTGTGTTTCCCAGTTAGCTCAGAGCCTCAGTCGATCCCTGACCCAGCACCGGGCACTGATGAGA,51
,85
TGTGAAGTGCCTAGAATAGTCAAAATTCACAGAGACAGAAGCAGTGGTCGCCAGGAATGGGGAAGCAAGGCGGAGTTGGGCAGCTCGTGTTCAATGGGTA,96
TCGCTGGCTGCAGCGTGTGGTCCCCTTACCAGAGGTAAAGAAGAGATGGATCTCCACTCATGTTGTAGACAGAATGTTTATGTCCTCTCCAAATGCTTAT,33
TGGCTGCAGCGTGTGGTCCCCTTACCAGAGGTAAAGAAGAGATGGATCTCCACTCATGTTGTAGACAGAATGTTTATGTCCTCTCCAAATGCTTATGTTG,29
TGTTATAATCCTGGGATCACGGCCAGTGGGCTTAGAAGAAGCCATCTCTTTCTCATGCCAAGATGAGGCTCCCCCAGATTTGCTCAGACTTACC,8
ATACTTTAAGTCAGGGACCCAGGTTCCTCCCATCTATGGTTCTGCCATCACTAATCTGGGTCTTCCACAATTGCCGTGCTCCTTGGAGGTGGGAAGAGCA,89
ACACATATCCTCTATATTATACTACCTCTCATGGAGGATCTCCTGTGTTCTACAAATAGTCTGGACTTGAGCCAGAATGTGTTATAATCCTGGGATCACG,47
GACAGGTAAAAGAGATGCTTTTAATTACAAAACTTTCCCTGTCGTGGTTGCTTCTCTCTATCCTTCTAAACTCCCTTTCAATTTCTTCTCTTCTGTAACA,4
ATAAAATGTAATAATTCCAAATGTTTGTAACAGAATGGGTAGGACTTTCTTCACTTATTTAAATACTCCCTTTTTTATGCAACTGAGTTTTCATCAACAA,6
,58
CCTCATTCTGTGAAAATTGCTGTAGTCTCTTCCAGTTATGAAGAAGGTAGGTGGAAACAAAGACAAAACACATATATTAGAAGAATGAATGAAATTGTAG,45
TGGAAAACATTAAACACGATTGAAATAATGCTAGCCAATATGGTTATTATTAGAAACCAATTACATTTTCAACTTAAAAATAGTAATACTTATTGCAGAC,14
CTGTGACGCAGCTTCAGGAGGTCCTGAGAACGTGTGCACAGTTTAGTCGGCAGAAACTTAGGGAAATGTAAGACCACCATCAGCACATAGGAGTTCTGCA,78
AACATACTAAGTGCTGGCTCTTTTTCATGTCCTTTATCAAGTTTGGATCATGTCATTTGCTGTTTTCTTTCTGATGTAAACTCTCAAAGTTTGAAGGGTA,45
AATGATTAACAAGGTGATAGTCAGTTCTTCATTGAATCCTGGATGCTTTATTTTTCTTAATAAGAGGAATTCATATGGATCAGCTAGAAAAAAATTAAGA,32
TCAACTTAAAAATAGTAATACTTATTGCAGACTCAAATGTGCTTATTCTAAAACAAGTAAATGTTTGCCTATGGTCTGAGATTCTAATCCACGGAGTTCA,0
AAAGTAATGGGGCTTACAGGTCATAGATAGATTCAAAGATTTTCTGATTGTCAATTGGTTGAAAGAATTATTATCTACAGACCTGCTATCAATAGAAAGG,74
GATGTCATTTCACTTCAGATTCTTCTTTAGAAAACTTGGACAATAGCATTTGCTGTCTTGTCCAAATTGTTACTAAGAATCAAGAGAGATATCTGACATG,84
ACATATCTTTCATTCATTCCTTTCAACTGATGAGGAAACTGAGGCATTGGGAGTTAGTAAAAGTCCACATTGAGATATGAGACCCACCACTGGCTGGACA,66
TTCCTTTTATAAGATGGAGTCTCACTCTGTTGCCCAGGCTGGAGTGCACTGGTGCGATCTCAGCTCACTGCAACCTCCATCTCCCAGTTCAAGTGATTCT,1
GTATATCTATTACATATATATTATATATGTATTATATATATTATATATTATATATGTATTATATATATTATATATTATATATCTATTATATATATAATAT,19
CAAGTTTGCTCTTAGCAAGTAATTGTTTCAGTATCTATATCAAAAATGGCTTAAGCCTGCAACATGTTTCTGAATGATTAACAAGGTGATAGTCAGT,4
GTGACACCAAAGCAGTGTGGCTGAACACCTAAAAGAATACGCTTTTTTTCTGATTATCAAACAAACCCAAATCATCACAGTAGACCACGATCTTAATAAC,27
,37
GTAAATACAGACGAAGCTTCCCTCACTCCCTCACTCGACACCGCTCACC,26
GTAATCCCAACTACTCGGGAGGCTGAGGCAGGAGAATTGCTTGAACCCAGAAGGTGGAGGTTGCGCTGAGCCGAGATAGCGCCATTGCACTCCAGCCTGG,30
CAAGGTCCTGTTTCTGAAGAAAAAAAGGACATTGGAATCAGGGCCCTCTCCATCCTGAGGTGCCTACAAGGCATCTCTCTCTGCAAACGAGTAAACATCA,77
AACATAATTTGATCATTTTTAAGTTACAGTCCAAATCTTTTTGTACCTGAATAACATGTTGCCCAGTCAGTCTCTCTTCCTGGATTCACAAGTCTTTCAT,29
TCGTCTCCTCCACTGGATTGTGAGGGCCTAGAAGGAGACAAGGGTCTGCTTGAGAAGGCAGTGAACAGCGAGCAGCCTGAGGCAGTGCCCCTCTGGATGG,3
ATTCGAGACGGGCAGCACAAGCTGCGGAGTGCAGGCCACCTCTACGGCCAGGAAACGGATTCTCCCGCAGAGCCTCGGAAGCTACCGACCCTGCTCCCAC,56
AATTTCCCCTTCTTGGTGGTTCTTAGAATTGGTTTAATGGGAGACTATTAGAGAAGCTGAAAAGCAGGAGGGCAGAAAAGCTCAATCAAATTAAACACAA,21
AAGGTGAGAATAAATACTTAATATTCATTAGGCAATATTCAGCAAAGTAATATCCACTAGTACATATTTAATATTTCATCATGAACTGCGGGTGTGAAGA,1
TTTTAATAACAAAAAAATCCTTTCCTTCTAAAGTAACATCCTCTCAAGGCCAGGAATTCCATTAGTAGAAAGCCTTCCTAAAAAACAAAATTCCTGGCCA,56
CCTCAACCTTCTAGACTCAAGTGATCCTCCAGTCTTAGCCTCCCCAGTAGCTCGGACTACAGGTGTGCACTGCAACGTGTAGCTCATTTTTTTTTTTTAA,100
GGAGTTTGAGGCTATAATGAGCCATGATAGGACCACTGAACTCCATCCTGAGTGACAGGGCAAGGTCCTGTTTCTGAAGAAAAAAAGGACATTGGAATCA,12
AAGCAAAAGTTGCTTCTCAATAACACGTCCCTATGTCAGAGCAGCACTAACATATAATGACTGATTTCATATATTTTACATTCTAACAGTCCATATCATT,81
,74
AAAAGACAGAGAATTAGTCAGACAGGTACATGCTGTGCCAAAAGTGCACTACAGCCCCCACCCAATTCTGCCTAATCCTAGCTGGGCTGACACCAACCTG,24
CCTAGGCCAGTAAGTAGTGCTTGTGCTCATCTCCTTGGCTGTGATACATGGCCAGCCCTCGCTCCAGCAGCTGGACCCCTACCTGCCGTCTGCTGCCATC,8
GATGCCAGGCATGCCCTTCCCCAGCATCAGGTCTCCAGAGCTGCAGAAGACGACGGCCGACTTGGATCACACTCTTGTGAGTGTCCCCAGTGTTGCAGAG,75
GCCCCCAAGAAAGGCTCTGGTGGAGAACCTGTGCATGAAGGCTGTCAACCAGTCCATAGGCAAGCCTGGCTGCCTCCAGCTGGGTCGACAGACAGGGGCT,58
TGCTGCTGTGTGGAAGTTCACTCCTGCCTTTTCCTTTCCCTAGAGCCTCCACCACCCCGAGATCACATTTCTCACTGCCTTTTGTCTGCCCAGTTTCACC,22
CTCTACCTGCTGGGAGATCCTGCCATGGAGAAGATCACAGAGGCTGGGCTGCTCCCCACCCTCTGCACACCTCCTGCTTCTAACAGCAGAGCTGCCAGGC,54
CCCGTGAAGATGGAGCCATATTCCTGCAGGCGCCCTGGAGCAGGGTACTTGGCACTGGAGAACACCTGTGGACACAGGGACAAGTCTGAGGGGGCCCCAA,29
TTGGTGCTCACGCACACAGGAAAGTCCTTCAGCTTCTCCTGGGAGGGCCAGGATGGCCAAGGGATGGTGAATATTTGGTGCTGGGCCTAATCAGCTGCCA,45
CCCCAGCATCACATGGGTCTTTGTTACAGCACCAGCCAGGGGGTCCAGGAAGACATACTTCTTCTACCTACAGAGGCGACATGGGGGTCAGGCAAGCTGA,66
TCAGGCAGGTAGGATGGAACATCAATCTCAGGCACCTGGCCCAGGTCTGGCACATAGAAGTAGTTCTCTGGGACCTGCAAGATTAGGCAGGGACATGTGA,6
TGGTGGGGGCGGTGGGGGTGGTGTTAGTACCCCATCTTGTAGGTCTGAAACACAAAGTATGGGGTGTCTAGGGAAGAAGGTGTGTGACCAGGGAGGTCCC,85
TCTAGCAGAGTGGCCCGGCCACCGGAGGGGTCGACCACTTCCCTGGGAGCTCCCTGGACTGGAGCCAGGAGGTGGGGAACAGGGCAAGGAGGAAAGGCTG,62
TGACACTCCCCAGCCCTCCAAGGCCACTGTGTTTCCCAGTTAGCTCAGAGCCTCAGTCGATCCCTGACCCAGCACCAGGCACTGATGAGACAGCGGCGGT,7
TGCCTGTGGCTGCTGCGGTGGCGGCAGAGGAGGGATGGAGTCTGACACGCGGGCAAAGGCTCCTCCGGGCCCCTCACCAGCCCCAGGTCCTTTCCCAGAG,37
TTCATGGCTGAAATCGTGTTTGACCAGCTATGTGTGTCTCTCAATCCGATCAAGTAGATGTCTGAAATTAACCATCAGAATATTTATGCCTGATTCATGG,44
CCTGTGCATCAGCTGCTGCTGTCTGTAGCTGACTTCCTTCACCCCTCTGCTGTCCTCAGCTCCTTCACCCCTGGGCCTCAGGAAATCAATGTCATGCTGA,84
GCCAGGAAGAGCCTATGTGATGACTACATGCCGTGCGGGATCCTGGATGGGATCCTGGGTCAGAGTAAGATAGAACTAAGGGAATCCAAATGAAATATGA,8
CTATGTGTGTCTCTCAATCCGATCAAGTAGATGTCTGAAATTAACCATCAGAATATTTATGCCTGATTCATGGCTGAAATTTCAGGATGAAAGCTATGAA,21
TTCATAGGTGGCCACCCTTAGAGACAATAGATGGCAAATGTTTCCTGTTCAGACCCATAGAAGGTGCTAGGCTCTCAGCCAATGTCTTCAGGATCAGAGA,23
CACCCCTGGGCCTCAGGAAATCAATGTCATGCTGACATCACTCTAGATCTAAAAGTTGGGTTCTTGGACCAGGTGTGGTGGCTCACACCTGTAATCCCAG,4
CTTGGCCTTTAAGGCCTTCGCTTTGGCTTCGGCTTTAGGAGGAGCAGGAGCTTCCTTCGCTTTCGGTGCCGTCTTGTGAAAAGCGAAAAACATTATTTCA,90
GCTGTCCTCAGCTCCTTCACCCCTGGGCCTCAGGAAATCAATGTCATGCTGACATCACTCTAGATCTAAAAGTTGGGTTCTTGGACCAGGCGTGGTGGCT,36
ATACATTTTCTAACCTACTATAGAATGCTAATATATGACAGTTTATAACCGTCTACTTCCTAGTTTTCTCTGGAAAATAAAAGATTACTAAGTATTAAAA,63
TGACATTGGAAAACATTAAACACGATTGAAATAATGCTAGCCAATATGGTTACTATTAGAAACCAATTACATTTTCAACTTAAAAATAGTAATACTTATT,20
AGTGCCTGTGACGCAGCTTCAGGAGGTCCTGAGAACGTGTGCACAGTTTAGTCGGCAGAAACTTAGGGAAATGTAAGACCACCATCAGCACATAGGAGTT,83
TTTTGTTCCCATGCCTACCTTTTAGCCATAATACAACAGAATCAAATATTGGCCACTGGGAAAAAATATTCAAAGAAAGAAAGAATGTGAACAGAACTTA,9
